Posição;Pessoa;Celular final 4;Votos HELP;BMG (não conta);Sem comprovante;Revisar;Atualizado em
1;Raquel Carvalho;2357;275;27;1;0;2026-10-09T18:10:18-03:00
2;Aliny;4328;215;99;0;6;2026-10-09T18:10:18-03:00
3;Claudia Pereira;7533;88;22;0;0;2026-10-09T18:10:18-03:00
4;Karla Bmg - Help!;4617;53;0;0;0;2026-10-09T18:10:18-03:00
5;Gabriela Bonadio;8598;40;0;0;0;2026-10-09T18:10:18-03:00
6;Rayanna Velasco;4714;40;1;0;2;2026-10-09T18:10:18-03:00
7;Jéssica Aguiar;3196;32;0;0;0;2026-10-09T18:10:18-03:00
8;Mel;4553;29;0;0;0;2026-10-09T18:10:18-03:00
9;Fran Capellaro;3353;25;0;0;0;2026-10-09T18:10:18-03:00
10;Selane Rolim;3967;25;23;0;0;2026-10-09T18:10:18-03:00
11;Rivaldo Bmg;3887;22;0;0;0;2026-10-09T18:10:18-03:00
12;Simone Risso;9603;21;1;0;0;2026-10-09T18:10:18-03:00
13;Lidiane;3950;18;5;0;0;2026-10-09T18:10:18-03:00
14;Flexa Bmg help!;9607;15;6;0;0;2026-10-09T18:10:18-03:00
15;Moara Jales;6406;13;10;0;0;2026-10-09T18:10:18-03:00
16;Adriana Wiegner;6114;10;0;0;0;2026-10-09T18:10:18-03:00
17;Cleuza Garcia;3821;9;0;0;0;2026-10-09T18:10:18-03:00
18;Ana Carolina Dos Santos;2746;7;5;0;0;2026-10-09T18:10:18-03:00
19;Tiago BMG;2851;7;10;0;0;2026-10-09T18:10:18-03:00
20;Jaqueline Wenceslau;1725;6;0;0;0;2026-10-09T18:10:18-03:00
21;Jordanla Silva;7616;6;2;0;0;2026-10-09T18:10:18-03:00
22;Raphaela Neves;0347;6;4;0;0;2026-10-09T18:10:18-03:00
23;Michelle Martins;7106;4;0;0;0;2026-10-09T18:10:18-03:00
24;Pollyanna Pereira;0826;4;1;0;0;2026-10-09T18:10:18-03:00
25;Anderson Guimarães;0218;3;2;0;0;2026-10-09T18:10:18-03:00
26;Ana Rodrigues;3615;2;2;0;0;2026-10-09T18:10:18-03:00
27;Sulivam Maico;2274;2;0;0;0;2026-10-09T18:10:18-03:00
28;Daniele Bincoleto;7372;1;1;0;0;2026-10-09T18:10:18-03:00
29;Evandro Jacoby;5959;1;0;0;0;2026-10-09T18:10:18-03:00
30;Jana Mello;4983;1;1;0;0;2026-10-09T18:10:18-03:00
31;Lu Didier;0405;1;0;0;0;2026-10-09T18:10:18-03:00
32;Nelson;2650;1;7;0;0;2026-10-09T18:10:18-03:00
33;Wanderson Almeida;3120;1;1;0;0;2026-10-09T18:10:18-03:00
34;Bruno Flores;6010;0;0;0;0;2026-10-09T18:10:18-03:00
35;Caroline Andrade - Bmg;7717;0;0;0;0;2026-10-09T18:10:18-03:00
36;Douglas Dominick #juntos+;2596;0;0;0;0;2026-10-09T18:10:18-03:00
37;Felipe Barbosa;0391;0;0;0;0;2026-10-09T18:10:18-03:00
38;Joana Mota;5577;0;0;0;0;2026-10-09T18:10:18-03:00
39;Katia Trindade;3810;0;0;0;0;2026-10-09T18:10:18-03:00
40;Matheus Epitacio;3794;0;0;0;0;2026-10-09T18:10:18-03:00
41;Natanael Alves;6794;0;0;0;0;2026-10-09T18:10:18-03:00
42;Priscila Portella;8461;0;5;0;0;2026-10-09T18:10:18-03:00
43;Sabrina Paulline;1587;0;0;0;0;2026-10-09T18:10:18-03:00
